{
  "best_val": {
    "epoch": 150,
    "val_acc": 0.83,
    "val_loss": 0.9575672857284546
  },
  "dataset": "cifar10",
  "model": "eca",
  "model_profile": {
    "flops": 25568544,
    "flops_method": "fvcore",
    "input_size_chw": [
      3,
      32,
      32
    ],
    "macs": 12784272,
    "params": 2236711,
    "size_mb": 8.767358
  },
  "seed": 2024,
  "stopped_epoch": null,
  "test": {
    "acc": 0.8275,
    "loss": 0.9621153841018677,
    "top1_pp": 82.75,
    "top5_pp": 99.03999999999999
  }
}
