{
  "best_val": {
    "epoch": 197,
    "val_acc": 0.7468,
    "val_loss": 1.6719582151412964
  },
  "dataset": "cifar100",
  "model": "baseline",
  "model_profile": {
    "flops": 25671936,
    "flops_method": "fvcore",
    "input_size_chw": [
      3,
      32,
      32
    ],
    "macs": 12835968,
    "params": 2351972,
    "size_mb": 9.204173
  },
  "seed": 123,
  "stopped_epoch": null,
  "test": {
    "acc": 0.7336,
    "loss": 1.6988901763916016,
    "top1_pp": 73.36,
    "top5_pp": 92.55
  }
}
