{
  "best_val": {
    "epoch": 144,
    "val_acc": 0.9114,
    "val_loss": 0.7866606830596924
  },
  "dataset": "cifar10",
  "model": "dualconv",
  "model_profile": {
    "flops": 20393728,
    "flops_method": "fvcore",
    "input_size_chw": [
      3,
      32,
      32
    ],
    "macs": 10196864,
    "params": 2069562,
    "size_mb": 8.074082
  },
  "seed": 123,
  "stopped_epoch": null,
  "test": {
    "acc": 0.9054,
    "loss": 0.7961727808952331,
    "top1_pp": 90.53999999999999,
    "top5_pp": 99.62
  }
}
