{
  "best_val": {
    "epoch": 148,
    "val_acc": 0.8482,
    "val_loss": 0.9409463182449341
  },
  "dataset": "cifar10",
  "model": "hybrid",
  "model_profile": {
    "flops": 20405536,
    "flops_method": "fvcore",
    "input_size_chw": [
      3,
      32,
      32
    ],
    "macs": 10202768,
    "params": 2069591,
    "size_mb": 8.078551
  },
  "seed": 42,
  "stopped_epoch": null,
  "test": {
    "acc": 0.838,
    "loss": 0.9504379829406738,
    "top1_pp": 83.8,
    "top5_pp": 99.14
  }
}
