{
  "best_val": {
    "epoch": 148,
    "val_acc": 0.9312,
    "val_loss": 0.7317632110595703
  },
  "dataset": "cifar10",
  "model": "eca",
  "model_profile": {
    "flops": 25568544,
    "flops_method": "fvcore",
    "input_size_chw": [
      3,
      32,
      32
    ],
    "macs": 12784272,
    "params": 2236711,
    "size_mb": 8.767358
  },
  "seed": 2024,
  "stopped_epoch": null,
  "test": {
    "acc": 0.9263,
    "loss": 0.7414747076988221,
    "top1_pp": 92.63,
    "top5_pp": 99.77000000000001
  }
}
