{
  "best_val": {
    "epoch": 194,
    "val_acc": 0.7248,
    "val_loss": 1.7255633417129517
  },
  "dataset": "cifar100",
  "model": "hybrid",
  "model_profile": {
    "flops": 20520736,
    "flops_method": "fvcore",
    "input_size_chw": [
      3,
      32,
      32
    ],
    "macs": 10260368,
    "params": 2184881,
    "size_mb": 8.518371
  },
  "seed": 42,
  "stopped_epoch": null,
  "test": {
    "acc": 0.7092,
    "loss": 1.757790090942383,
    "top1_pp": 70.92,
    "top5_pp": 91.52
  }
}
