{
  "best_val": {
    "epoch": 194,
    "val_acc": 0.7206,
    "val_loss": 1.743746411895752
  },
  "dataset": "cifar100",
  "model": "dualconv",
  "model_profile": {
    "flops": 20508928,
    "flops_method": "fvcore",
    "input_size_chw": [
      3,
      32,
      32
    ],
    "macs": 10254464,
    "params": 2184852,
    "size_mb": 8.513902
  },
  "seed": 42,
  "stopped_epoch": null,
  "test": {
    "acc": 0.7166,
    "loss": 1.7550589321136474,
    "top1_pp": 71.66,
    "top5_pp": 91.53
  }
}
