{
  "best_val": {
    "epoch": 148,
    "val_acc": 0.9284,
    "val_loss": 0.7423959557533264
  },
  "dataset": "cifar10",
  "model": "eca",
  "model_profile": {
    "flops": 25568544,
    "flops_method": "fvcore",
    "input_size_chw": [
      3,
      32,
      32
    ],
    "macs": 12784272,
    "params": 2236711,
    "size_mb": 8.767358
  },
  "seed": 777,
  "stopped_epoch": null,
  "test": {
    "acc": 0.9233,
    "loss": 0.7485935024261474,
    "top1_pp": 92.33,
    "top5_pp": 99.82
  }
}
