{
  "best_val": {
    "epoch": 199,
    "val_acc": 0.4924,
    "val_loss": 2.4300724323272704
  },
  "dataset": "cifar100",
  "model": "baseline",
  "model_profile": {
    "flops": 25671936,
    "flops_method": "fvcore",
    "input_size_chw": [
      3,
      32,
      32
    ],
    "macs": 12835968,
    "params": 2351972,
    "size_mb": 9.204173
  },
  "seed": 777,
  "stopped_epoch": null,
  "test": {
    "acc": 0.4878,
    "loss": 2.436039091491699,
    "top1_pp": 48.78,
    "top5_pp": 79.78
  }
}
