{
  "best_val": {
    "epoch": 188,
    "val_acc": 0.7392,
    "val_loss": 1.707066971206665
  },
  "dataset": "cifar100",
  "model": "baseline",
  "model_profile": {
    "flops": 25671936,
    "flops_method": "fvcore",
    "input_size_chw": [
      3,
      32,
      32
    ],
    "macs": 12835968,
    "params": 2351972,
    "size_mb": 9.204173
  },
  "seed": 3407,
  "stopped_epoch": null,
  "test": {
    "acc": 0.7247,
    "loss": 1.7397061359405517,
    "top1_pp": 72.47,
    "top5_pp": 92.53
  }
}
