{
  "best_val": {
    "epoch": 198,
    "val_acc": 0.3029,
    "val_loss": 3.4558282852172852
  },
  "dataset": "tiny_imagenet",
  "model": "baseline",
  "model_profile": {
    "flops": 25799936,
    "flops_method": "fvcore",
    "input_size_chw": [
      3,
      64,
      64
    ],
    "macs": 12899968,
    "params": 2480072,
    "size_mb": 9.692821
  },
  "seed": 777,
  "stopped_epoch": null,
  "test": {
    "acc": 0.3104,
    "loss": 3.449343452453613,
    "top1_pp": 31.04,
    "top5_pp": 58.47
  }
}
