{
  "dataset": "cifar10",
  "mean": [
    0.4914716942777463,
    0.4823065645539792,
    0.44645917934853124
  ],
  "split_seed": 1337,
  "std": [
    0.24689988043718725,
    0.24322469470906985,
    0.2612944639143902
  ],
  "test_count": 10000,
  "train_count": 45000,
  "train_indices_sha256": "eb158c9f235fddf58f6ac6101b25de13b49216acbf551af666626f977ab7ab8d",
  "val_count": 5000,
  "val_indices_sha256": "36e52a3bb188bbb6b9f2955f55204ad4bd4f66912a8be3b7f82277d0182742d4"
}
