{
  "best_val": {
    "epoch": 194,
    "val_acc": 0.7466,
    "val_loss": 1.6535903427124024
  },
  "dataset": "cifar100",
  "model": "eca",
  "model_profile": {
    "flops": 25683744,
    "flops_method": "fvcore",
    "input_size_chw": [
      3,
      32,
      32
    ],
    "macs": 12841872,
    "params": 2352001,
    "size_mb": 9.207177
  },
  "seed": 42,
  "stopped_epoch": null,
  "test": {
    "acc": 0.7315,
    "loss": 1.6835616008758545,
    "top1_pp": 73.15,
    "top5_pp": 92.89
  }
}
