{
  "best_val": {
    "epoch": 196,
    "val_acc": 0.7176,
    "val_loss": 1.7265387496948241
  },
  "dataset": "cifar100",
  "model": "dualconv",
  "model_profile": {
    "flops": 20508928,
    "flops_method": "fvcore",
    "input_size_chw": [
      3,
      32,
      32
    ],
    "macs": 10254464,
    "params": 2184852,
    "size_mb": 8.513902
  },
  "seed": 2024,
  "stopped_epoch": null,
  "test": {
    "acc": 0.7123,
    "loss": 1.7465839920043946,
    "top1_pp": 71.23,
    "top5_pp": 91.93
  }
}
