{
  "best_val": {
    "epoch": 199,
    "val_acc": 0.7166,
    "val_loss": 1.7605862491607667
  },
  "dataset": "cifar100",
  "model": "hybrid",
  "model_profile": {
    "flops": 20520736,
    "flops_method": "fvcore",
    "input_size_chw": [
      3,
      32,
      32
    ],
    "macs": 10260368,
    "params": 2184881,
    "size_mb": 8.518371
  },
  "seed": 123,
  "stopped_epoch": null,
  "test": {
    "acc": 0.7038,
    "loss": 1.7835718196868897,
    "top1_pp": 70.38,
    "top5_pp": 91.22
  }
}
