{
  "best_val": {
    "epoch": 198,
    "val_acc": 0.3231,
    "val_loss": 3.374618859100342
  },
  "dataset": "tiny_imagenet",
  "model": "dualconv",
  "model_profile": {
    "flops": 20636928,
    "flops_method": "fvcore",
    "input_size_chw": [
      3,
      64,
      64
    ],
    "macs": 10318464,
    "params": 2312952,
    "size_mb": 9.002549
  },
  "seed": 3407,
  "stopped_epoch": null,
  "test": {
    "acc": 0.3276,
    "loss": 3.371848335647583,
    "top1_pp": 32.76,
    "top5_pp": 60.370000000000005
  }
}
