{
  "best_val": {
    "epoch": 198,
    "val_acc": 0.313,
    "val_loss": 3.425112799835205
  },
  "dataset": "tiny_imagenet",
  "model": "eca",
  "model_profile": {
    "flops": 25811744,
    "flops_method": "fvcore",
    "input_size_chw": [
      3,
      64,
      64
    ],
    "macs": 12905872,
    "params": 2480101,
    "size_mb": 9.695825
  },
  "seed": 42,
  "stopped_epoch": null,
  "test": {
    "acc": 0.3153,
    "loss": 3.424126642227173,
    "top1_pp": 31.53,
    "top5_pp": 59.24
  }
}
