{
  "best_val": {
    "epoch": 150,
    "val_acc": 0.934,
    "val_loss": 0.731364777469635
  },
  "dataset": "cifar10",
  "model": "baseline",
  "model_profile": {
    "flops": 25556736,
    "flops_method": "fvcore",
    "input_size_chw": [
      3,
      32,
      32
    ],
    "macs": 12778368,
    "params": 2236682,
    "size_mb": 8.764354
  },
  "seed": 3407,
  "stopped_epoch": null,
  "test": {
    "acc": 0.9226,
    "loss": 0.7423319913864136,
    "top1_pp": 92.25999999999999,
    "top5_pp": 99.76
  }
}
