{
  "best_val": {
    "epoch": 149,
    "val_acc": 0.838,
    "val_loss": 0.9503497535705566
  },
  "dataset": "cifar10",
  "model": "eca",
  "model_profile": {
    "flops": 25568544,
    "flops_method": "fvcore",
    "input_size_chw": [
      3,
      32,
      32
    ],
    "macs": 12784272,
    "params": 2236711,
    "size_mb": 8.767358
  },
  "seed": 123,
  "stopped_epoch": null,
  "test": {
    "acc": 0.8346,
    "loss": 0.9547555166244507,
    "top1_pp": 83.46000000000001,
    "top5_pp": 99.16
  }
}
