{
  "best_val": {
    "epoch": 194,
    "val_acc": 0.5094,
    "val_loss": 2.3874224979400633
  },
  "dataset": "cifar100",
  "model": "eca",
  "model_profile": {
    "flops": 25683744,
    "flops_method": "fvcore",
    "input_size_chw": [
      3,
      32,
      32
    ],
    "macs": 12841872,
    "params": 2352001,
    "size_mb": 9.207177
  },
  "seed": 3407,
  "stopped_epoch": null,
  "test": {
    "acc": 0.496,
    "loss": 2.3962621852874757,
    "top1_pp": 49.6,
    "top5_pp": 81.19
  }
}
