{
  "best_val": {
    "epoch": 199,
    "val_acc": 0.5214,
    "val_loss": 2.337257985687256
  },
  "dataset": "cifar100",
  "model": "dualconv",
  "model_profile": {
    "flops": 20508928,
    "flops_method": "fvcore",
    "input_size_chw": [
      3,
      32,
      32
    ],
    "macs": 10254464,
    "params": 2184852,
    "size_mb": 8.513902
  },
  "seed": 777,
  "stopped_epoch": null,
  "test": {
    "acc": 0.5093,
    "loss": 2.3500446701049804,
    "top1_pp": 50.93,
    "top5_pp": 81.62
  }
}
