{
  "best_val": {
    "epoch": 146,
    "val_acc": 0.9074,
    "val_loss": 0.8027037422180175
  },
  "dataset": "cifar10",
  "model": "hybrid",
  "model_profile": {
    "flops": 20405536,
    "flops_method": "fvcore",
    "input_size_chw": [
      3,
      32,
      32
    ],
    "macs": 10202768,
    "params": 2069591,
    "size_mb": 8.078551
  },
  "seed": 123,
  "stopped_epoch": null,
  "test": {
    "acc": 0.8949,
    "loss": 0.8193641939163208,
    "top1_pp": 89.49000000000001,
    "top5_pp": 99.62
  }
}
