{
  "best_val": {
    "epoch": 200,
    "val_acc": 0.3224,
    "val_loss": 3.3520817276000976
  },
  "dataset": "tiny_imagenet",
  "model": "dualconv",
  "model_profile": {
    "flops": 20636928,
    "flops_method": "fvcore",
    "input_size_chw": [
      3,
      64,
      64
    ],
    "macs": 10318464,
    "params": 2312952,
    "size_mb": 9.002549
  },
  "seed": 123,
  "stopped_epoch": null,
  "test": {
    "acc": 0.329,
    "loss": 3.3460629692077637,
    "top1_pp": 32.9,
    "top5_pp": 61.17
  }
}
