{
  "best_val": {
    "epoch": 146,
    "val_acc": 0.8394,
    "val_loss": 0.9463855983734131
  },
  "dataset": "cifar10",
  "model": "hybrid",
  "model_profile": {
    "flops": 20405536,
    "flops_method": "fvcore",
    "input_size_chw": [
      3,
      32,
      32
    ],
    "macs": 10202768,
    "params": 2069591,
    "size_mb": 8.078551
  },
  "seed": 3407,
  "stopped_epoch": null,
  "test": {
    "acc": 0.8365,
    "loss": 0.9482915019989013,
    "top1_pp": 83.65,
    "top5_pp": 99.06
  }
}
