{
  "best_val": {
    "epoch": 190,
    "val_acc": 0.7188,
    "val_loss": 1.7324790008544921
  },
  "dataset": "cifar100",
  "model": "dualconv",
  "model_profile": {
    "flops": 20508928,
    "flops_method": "fvcore",
    "input_size_chw": [
      3,
      32,
      32
    ],
    "macs": 10254464,
    "params": 2184852,
    "size_mb": 8.513902
  },
  "seed": 3407,
  "stopped_epoch": null,
  "test": {
    "acc": 0.7115,
    "loss": 1.7664584747314453,
    "top1_pp": 71.15,
    "top5_pp": 91.47999999999999
  }
}
