{
  "best_val": {
    "epoch": 200,
    "val_acc": 0.3092,
    "val_loss": 3.4471269359588623
  },
  "dataset": "tiny_imagenet",
  "model": "baseline",
  "model_profile": {
    "flops": 25799936,
    "flops_method": "fvcore",
    "input_size_chw": [
      3,
      64,
      64
    ],
    "macs": 12899968,
    "params": 2480072,
    "size_mb": 9.692821
  },
  "seed": 123,
  "stopped_epoch": null,
  "test": {
    "acc": 0.3105,
    "loss": 3.447357092285156,
    "top1_pp": 31.05,
    "top5_pp": 57.989999999999995
  }
}
