{
  "best_val": {
    "epoch": 200,
    "val_acc": 0.3079,
    "val_loss": 3.4499993629455568
  },
  "dataset": "tiny_imagenet",
  "model": "baseline",
  "model_profile": {
    "flops": 25799936,
    "flops_method": "fvcore",
    "input_size_chw": [
      3,
      64,
      64
    ],
    "macs": 12899968,
    "params": 2480072,
    "size_mb": 9.692821
  },
  "seed": 3407,
  "stopped_epoch": null,
  "test": {
    "acc": 0.3121,
    "loss": 3.447326289367676,
    "top1_pp": 31.209999999999997,
    "top5_pp": 58.25
  }
}
