{
  "best_val": {
    "epoch": 148,
    "val_acc": 0.8354,
    "val_loss": 0.9561098616600037
  },
  "dataset": "cifar10",
  "model": "eca",
  "model_profile": {
    "flops": 25568544,
    "flops_method": "fvcore",
    "input_size_chw": [
      3,
      32,
      32
    ],
    "macs": 12784272,
    "params": 2236711,
    "size_mb": 8.767358
  },
  "seed": 42,
  "stopped_epoch": null,
  "test": {
    "acc": 0.8325,
    "loss": 0.9592977645874023,
    "top1_pp": 83.25,
    "top5_pp": 98.99
  }
}
