{
  "best_val": {
    "epoch": 144,
    "val_acc": 0.9346,
    "val_loss": 0.7567724843025208
  },
  "dataset": "cifar10",
  "model": "baseline",
  "model_profile": {
    "flops": 25556736,
    "flops_method": "fvcore",
    "input_size_chw": [
      3,
      32,
      32
    ],
    "macs": 12778368,
    "params": 2236682,
    "size_mb": 8.764354
  },
  "seed": 123,
  "stopped_epoch": null,
  "test": {
    "acc": 0.9233,
    "loss": 0.7712480241775512,
    "top1_pp": 92.33,
    "top5_pp": 99.72
  }
}
