{
  "best_val": {
    "epoch": 197,
    "val_acc": 0.3232,
    "val_loss": 3.3725760917663576
  },
  "dataset": "tiny_imagenet",
  "model": "hybrid",
  "model_profile": {
    "flops": 20648736,
    "flops_method": "fvcore",
    "input_size_chw": [
      3,
      64,
      64
    ],
    "macs": 10324368,
    "params": 2312981,
    "size_mb": 9.007018
  },
  "seed": 123,
  "stopped_epoch": null,
  "test": {
    "acc": 0.3313,
    "loss": 3.3640514781951905,
    "top1_pp": 33.129999999999995,
    "top5_pp": 60.49
  }
}
