{
  "best_val": {
    "epoch": 146,
    "val_acc": 0.912,
    "val_loss": 0.7690330077171326
  },
  "dataset": "cifar10",
  "model": "dualconv",
  "model_profile": {
    "flops": 20393728,
    "flops_method": "fvcore",
    "input_size_chw": [
      3,
      32,
      32
    ],
    "macs": 10196864,
    "params": 2069562,
    "size_mb": 8.074082
  },
  "seed": 2024,
  "stopped_epoch": null,
  "test": {
    "acc": 0.9059,
    "loss": 0.7781673891067505,
    "top1_pp": 90.59,
    "top5_pp": 99.56
  }
}
