{
  "best_val": {
    "epoch": 195,
    "val_acc": 0.751,
    "val_loss": 1.6398991374969483
  },
  "dataset": "cifar100",
  "model": "baseline",
  "model_profile": {
    "flops": 25671936,
    "flops_method": "fvcore",
    "input_size_chw": [
      3,
      32,
      32
    ],
    "macs": 12835968,
    "params": 2351972,
    "size_mb": 9.204173
  },
  "seed": 777,
  "stopped_epoch": null,
  "test": {
    "acc": 0.7282,
    "loss": 1.6820288997650146,
    "top1_pp": 72.82,
    "top5_pp": 92.84
  }
}
