{
  "best_val": {
    "epoch": 142,
    "val_acc": 0.9122,
    "val_loss": 0.802536964225769
  },
  "dataset": "cifar10",
  "model": "dualconv",
  "model_profile": {
    "flops": 20393728,
    "flops_method": "fvcore",
    "input_size_chw": [
      3,
      32,
      32
    ],
    "macs": 10196864,
    "params": 2069562,
    "size_mb": 8.074082
  },
  "seed": 42,
  "stopped_epoch": null,
  "test": {
    "acc": 0.9018,
    "loss": 0.8142905685424805,
    "top1_pp": 90.18,
    "top5_pp": 99.62
  }
}
