{
  "best_val": {
    "epoch": 181,
    "val_acc": 0.7424,
    "val_loss": 1.6331893779754638
  },
  "dataset": "cifar100",
  "model": "baseline",
  "model_profile": {
    "flops": 25671936,
    "flops_method": "fvcore",
    "input_size_chw": [
      3,
      32,
      32
    ],
    "macs": 12835968,
    "params": 2351972,
    "size_mb": 9.204173
  },
  "seed": 42,
  "stopped_epoch": null,
  "test": {
    "acc": 0.7299,
    "loss": 1.6740784942626954,
    "top1_pp": 72.99,
    "top5_pp": 92.85
  }
}
