{
  "best_val": {
    "epoch": 195,
    "val_acc": 0.5014,
    "val_loss": 2.3852144760131835
  },
  "dataset": "cifar100",
  "model": "eca",
  "model_profile": {
    "flops": 25683744,
    "flops_method": "fvcore",
    "input_size_chw": [
      3,
      32,
      32
    ],
    "macs": 12841872,
    "params": 2352001,
    "size_mb": 9.207177
  },
  "seed": 777,
  "stopped_epoch": null,
  "test": {
    "acc": 0.5042,
    "loss": 2.3872469680786135,
    "top1_pp": 50.42,
    "top5_pp": 80.85
  }
}
