{
  "best_val": {
    "epoch": 200,
    "val_acc": 0.3202,
    "val_loss": 3.3611469066619875
  },
  "dataset": "tiny_imagenet",
  "model": "dualconv",
  "model_profile": {
    "flops": 20636928,
    "flops_method": "fvcore",
    "input_size_chw": [
      3,
      64,
      64
    ],
    "macs": 10318464,
    "params": 2312952,
    "size_mb": 9.002549
  },
  "seed": 777,
  "stopped_epoch": null,
  "test": {
    "acc": 0.3322,
    "loss": 3.3478779766082765,
    "top1_pp": 33.22,
    "top5_pp": 60.83
  }
}
