{
  "best_val": {
    "epoch": 200,
    "val_acc": 0.498,
    "val_loss": 2.4199183898925782
  },
  "dataset": "cifar100",
  "model": "baseline",
  "model_profile": {
    "flops": 25671936,
    "flops_method": "fvcore",
    "input_size_chw": [
      3,
      32,
      32
    ],
    "macs": 12835968,
    "params": 2351972,
    "size_mb": 9.204173
  },
  "seed": 123,
  "stopped_epoch": null,
  "test": {
    "acc": 0.4831,
    "loss": 2.4261653381347656,
    "top1_pp": 48.309999999999995,
    "top5_pp": 80.2
  }
}
