{
  "best_val": {
    "epoch": 199,
    "val_acc": 0.7422,
    "val_loss": 1.6615024421691895
  },
  "dataset": "cifar100",
  "model": "baseline",
  "model_profile": {
    "flops": 25671936,
    "flops_method": "fvcore",
    "input_size_chw": [
      3,
      32,
      32
    ],
    "macs": 12835968,
    "params": 2351972,
    "size_mb": 9.204173
  },
  "seed": 2024,
  "stopped_epoch": null,
  "test": {
    "acc": 0.7347,
    "loss": 1.682803748703003,
    "top1_pp": 73.47,
    "top5_pp": 92.63
  }
}
