{
  "best_val": {
    "epoch": 196,
    "val_acc": 0.5148,
    "val_loss": 2.3688308883666993
  },
  "dataset": "cifar100",
  "model": "eca",
  "model_profile": {
    "flops": 25683744,
    "flops_method": "fvcore",
    "input_size_chw": [
      3,
      32,
      32
    ],
    "macs": 12841872,
    "params": 2352001,
    "size_mb": 9.207177
  },
  "seed": 123,
  "stopped_epoch": null,
  "test": {
    "acc": 0.5058,
    "loss": 2.376100578689575,
    "top1_pp": 50.580000000000005,
    "top5_pp": 81.32000000000001
  }
}
