{
  "best_val": {
    "epoch": 142,
    "val_acc": 0.9326,
    "val_loss": 0.7414876314163208
  },
  "dataset": "cifar10",
  "model": "baseline",
  "model_profile": {
    "flops": 25556736,
    "flops_method": "fvcore",
    "input_size_chw": [
      3,
      32,
      32
    ],
    "macs": 12778368,
    "params": 2236682,
    "size_mb": 8.764354
  },
  "seed": 42,
  "stopped_epoch": null,
  "test": {
    "acc": 0.9239,
    "loss": 0.7538291952133179,
    "top1_pp": 92.39,
    "top5_pp": 99.78
  }
}
