{
  "best_val": {
    "epoch": 197,
    "val_acc": 0.5134,
    "val_loss": 2.3692853889465333
  },
  "dataset": "cifar100",
  "model": "eca",
  "model_profile": {
    "flops": 25683744,
    "flops_method": "fvcore",
    "input_size_chw": [
      3,
      32,
      32
    ],
    "macs": 12841872,
    "params": 2352001,
    "size_mb": 9.207177
  },
  "seed": 2024,
  "stopped_epoch": null,
  "test": {
    "acc": 0.5046,
    "loss": 2.3749615585327146,
    "top1_pp": 50.46000000000001,
    "top5_pp": 81.27
  }
}
