{
  "best_val": {
    "epoch": 190,
    "val_acc": 0.7484,
    "val_loss": 1.6321228603363036
  },
  "dataset": "cifar100",
  "model": "eca",
  "model_profile": {
    "flops": 25683744,
    "flops_method": "fvcore",
    "input_size_chw": [
      3,
      32,
      32
    ],
    "macs": 12841872,
    "params": 2352001,
    "size_mb": 9.207177
  },
  "seed": 123,
  "stopped_epoch": null,
  "test": {
    "acc": 0.7375,
    "loss": 1.6651976612091064,
    "top1_pp": 73.75,
    "top5_pp": 92.91
  }
}
