{
  "best_val": {
    "epoch": 198,
    "val_acc": 0.523,
    "val_loss": 2.354160084915161
  },
  "dataset": "cifar100",
  "model": "hybrid",
  "model_profile": {
    "flops": 20520736,
    "flops_method": "fvcore",
    "input_size_chw": [
      3,
      32,
      32
    ],
    "macs": 10260368,
    "params": 2184881,
    "size_mb": 8.518371
  },
  "seed": 3407,
  "stopped_epoch": null,
  "test": {
    "acc": 0.5089,
    "loss": 2.3681518482208253,
    "top1_pp": 50.89,
    "top5_pp": 81.73
  }
}
