{
  "best_val": {
    "epoch": 149,
    "val_acc": 0.9352,
    "val_loss": 0.7508887832641602
  },
  "dataset": "cifar10",
  "model": "eca",
  "model_profile": {
    "flops": 25568544,
    "flops_method": "fvcore",
    "input_size_chw": [
      3,
      32,
      32
    ],
    "macs": 12784272,
    "params": 2236711,
    "size_mb": 8.767358
  },
  "seed": 42,
  "stopped_epoch": null,
  "test": {
    "acc": 0.9279,
    "loss": 0.7600022747039795,
    "top1_pp": 92.78999999999999,
    "top5_pp": 99.7
  }
}
