{
  "dataset": "cifar100",
  "mean": [
    0.5072262459900089,
    0.48652769693771525,
    0.44048596315565675
  ],
  "split_seed": 1337,
  "std": [
    0.2674020042773203,
    0.25647118793248797,
    0.27616784381069626
  ],
  "test_count": 10000,
  "train_count": 45000,
  "train_indices_sha256": "eb158c9f235fddf58f6ac6101b25de13b49216acbf551af666626f977ab7ab8d",
  "val_count": 5000,
  "val_indices_sha256": "36e52a3bb188bbb6b9f2955f55204ad4bd4f66912a8be3b7f82277d0182742d4"
}
