{
  "best_val": {
    "epoch": 149,
    "val_acc": 0.9038,
    "val_loss": 0.8181665150642395
  },
  "dataset": "cifar10",
  "model": "hybrid",
  "model_profile": {
    "flops": 20405536,
    "flops_method": "fvcore",
    "input_size_chw": [
      3,
      32,
      32
    ],
    "macs": 10202768,
    "params": 2069591,
    "size_mb": 8.078551
  },
  "seed": 42,
  "stopped_epoch": null,
  "test": {
    "acc": 0.8966,
    "loss": 0.830677580833435,
    "top1_pp": 89.66,
    "top5_pp": 99.64
  }
}
