{
  "best_val": {
    "epoch": 196,
    "val_acc": 0.743,
    "val_loss": 1.6768004806518555
  },
  "dataset": "cifar100",
  "model": "eca",
  "model_profile": {
    "flops": 25683744,
    "flops_method": "fvcore",
    "input_size_chw": [
      3,
      32,
      32
    ],
    "macs": 12841872,
    "params": 2352001,
    "size_mb": 9.207177
  },
  "seed": 3407,
  "stopped_epoch": null,
  "test": {
    "acc": 0.7263,
    "loss": 1.7024198129653931,
    "top1_pp": 72.63,
    "top5_pp": 92.30000000000001
  }
}
