{
  "best_val": {
    "epoch": 197,
    "val_acc": 0.3197,
    "val_loss": 3.3979907222747805
  },
  "dataset": "tiny_imagenet",
  "model": "eca",
  "model_profile": {
    "flops": 25811744,
    "flops_method": "fvcore",
    "input_size_chw": [
      3,
      64,
      64
    ],
    "macs": 12905872,
    "params": 2480101,
    "size_mb": 9.695825
  },
  "seed": 123,
  "stopped_epoch": null,
  "test": {
    "acc": 0.3231,
    "loss": 3.4004532089233397,
    "top1_pp": 32.31,
    "top5_pp": 59.8
  }
}
