{
  "best_val": {
    "epoch": 142,
    "val_acc": 0.9072,
    "val_loss": 0.7797095517158509
  },
  "dataset": "cifar10",
  "model": "hybrid",
  "model_profile": {
    "flops": 20405536,
    "flops_method": "fvcore",
    "input_size_chw": [
      3,
      32,
      32
    ],
    "macs": 10202768,
    "params": 2069591,
    "size_mb": 8.078551
  },
  "seed": 777,
  "stopped_epoch": null,
  "test": {
    "acc": 0.8974,
    "loss": 0.7920786782264709,
    "top1_pp": 89.74,
    "top5_pp": 99.57000000000001
  }
}
