{
  "best_val": {
    "epoch": 150,
    "val_acc": 0.8366,
    "val_loss": 0.9502778706550599
  },
  "dataset": "cifar10",
  "model": "baseline",
  "model_profile": {
    "flops": 25556736,
    "flops_method": "fvcore",
    "input_size_chw": [
      3,
      32,
      32
    ],
    "macs": 12778368,
    "params": 2236682,
    "size_mb": 8.764354
  },
  "seed": 42,
  "stopped_epoch": null,
  "test": {
    "acc": 0.8308,
    "loss": 0.9631571886062622,
    "top1_pp": 83.08,
    "top5_pp": 99.02
  }
}
