{
  "best_val": {
    "epoch": 192,
    "val_acc": 0.7178,
    "val_loss": 1.734875200653076
  },
  "dataset": "cifar100",
  "model": "dualconv",
  "model_profile": {
    "flops": 20508928,
    "flops_method": "fvcore",
    "input_size_chw": [
      3,
      32,
      32
    ],
    "macs": 10254464,
    "params": 2184852,
    "size_mb": 8.513902
  },
  "seed": 777,
  "stopped_epoch": null,
  "test": {
    "acc": 0.7142,
    "loss": 1.7502089153289795,
    "top1_pp": 71.41999999999999,
    "top5_pp": 91.8
  }
}
