{
  "best_val": {
    "epoch": 150,
    "val_acc": 0.9056,
    "val_loss": 0.8173328742980958
  },
  "dataset": "cifar10",
  "model": "hybrid",
  "model_profile": {
    "flops": 20405536,
    "flops_method": "fvcore",
    "input_size_chw": [
      3,
      32,
      32
    ],
    "macs": 10202768,
    "params": 2069591,
    "size_mb": 8.078551
  },
  "seed": 2024,
  "stopped_epoch": null,
  "test": {
    "acc": 0.8984,
    "loss": 0.8297758949279785,
    "top1_pp": 89.84,
    "top5_pp": 99.59
  }
}
