{
  "best_val": {
    "epoch": 144,
    "val_acc": 0.9328,
    "val_loss": 0.7557247222900391
  },
  "dataset": "cifar10",
  "model": "eca",
  "model_profile": {
    "flops": 25568544,
    "flops_method": "fvcore",
    "input_size_chw": [
      3,
      32,
      32
    ],
    "macs": 12784272,
    "params": 2236711,
    "size_mb": 8.767358
  },
  "seed": 123,
  "stopped_epoch": null,
  "test": {
    "acc": 0.9216,
    "loss": 0.7653612095832825,
    "top1_pp": 92.16,
    "top5_pp": 99.82
  }
}
